transaction_id,account_id,transaction_date,amount,transaction_type,merchant_category,status
TXN-00001,ACC-1016,2024-06-12,-132.93,DEBIT,DINING,COMPLETED
TXN-00002,ACC-1006,2024-01-27,2681.93,CREDIT,SALARY,PENDING
TXN-00003,ACC-1033,2024-01-09,-391.77,DEBIT,SALARY,COMPLETED
TXN-00004,ACC-1035,2024-05-23,-178.31,DEBIT,ONLINE,COMPLETED
TXN-00005,ACC-1001,2024-04-24,-99.33,DEBIT,ATM,COMPLETED
TXN-00006,ACC-1014,2024-06-27,-362.45,DEBIT,ATM,COMPLETED
TXN-00007,ACC-1023,2024-01-27,-452.13,DEBIT,SALARY,COMPLETED
TXN-00008,ACC-1025,2024-01-12,1631.87,CREDIT,GROCERY,FAILED
TXN-00009,ACC-1024,2024-03-16,1874.63,CREDIT,SALARY,COMPLETED
TXN-00010,ACC-1050,2024-06-29,-172.67,DEBIT,GAS,COMPLETED
TXN-00011,ACC-1030,2024-02-29,-311.84,TRANSFER,RENT,COMPLETED
TXN-00012,ACC-1018,2024-02-11,-396.29,DEBIT,RENT,COMPLETED
TXN-00013,ACC-1016,2024-06-04,1625.71,CREDIT,DINING,PENDING
TXN-00014,ACC-1045,2024-04-07,-41.93,DEBIT,SALARY,COMPLETED
TXN-00015,ACC-1004,2024-06-24,-119.68,DEBIT,DINING,COMPLETED
TXN-00016,ACC-1037,2024-03-21,-467.24,DEBIT,RENT,COMPLETED
TXN-00017,ACC-1042,2024-02-24,1217.11,CREDIT,ONLINE,COMPLETED
TXN-00018,ACC-1035,2024-03-08,-131.23,DEBIT,GAS,FAILED
TXN-00019,ACC-1015,2024-04-19,-302.3,TRANSFER,DINING,FAILED
TXN-00020,ACC-1008,2024-05-06,-476.68,DEBIT,DINING,COMPLETED
TXN-00021,ACC-1025,2024-06-23,-468.55,DEBIT,SALARY,PENDING
TXN-00022,ACC-1001,2024-05-15,-226.15,DEBIT,RENT,COMPLETED
TXN-00023,ACC-1050,2024-06-23,-128.32,TRANSFER,RENT,COMPLETED
TXN-00024,ACC-1001,2024-01-29,-421.71,DEBIT,RENT,COMPLETED
TXN-00025,ACC-1007,2024-05-08,1547.66,CREDIT,ATM,COMPLETED
TXN-00026,ACC-1024,2024-06-12,-401.54,DEBIT,ATM,COMPLETED
TXN-00027,ACC-1001,2024-05-18,-3.01,FEE,SALARY,COMPLETED
TXN-00028,ACC-1020,2024-05-05,-40.1,DEBIT,DINING,COMPLETED
TXN-00029,ACC-1006,2024-03-02,-31.26,TRANSFER,RENT,PENDING
TXN-00030,ACC-1009,2024-01-18,-8.07,FEE,DINING,PENDING
TXN-00031,ACC-1039,2024-05-20,-238.8,DEBIT,ONLINE,COMPLETED
TXN-00032,ACC-1046,2024-05-18,2085.11,CREDIT,GAS,PENDING
TXN-00033,ACC-1034,2024-06-20,1342.4,CREDIT,ONLINE,COMPLETED
TXN-00034,ACC-1038,2024-03-04,-332.65,DEBIT,SALARY,COMPLETED
TXN-00035,ACC-1041,2024-05-30,-464.86,DEBIT,GROCERY,COMPLETED
TXN-00036,ACC-1005,2024-01-18,-74.48,TRANSFER,SALARY,COMPLETED
TXN-00037,ACC-1009,2024-03-12,682.0,CREDIT,RENT,FAILED
TXN-00038,ACC-1027,2024-05-27,-111.61,DEBIT,DINING,COMPLETED
TXN-00039,ACC-1027,2024-01-25,1095.18,CREDIT,ONLINE,COMPLETED
TXN-00040,ACC-1004,2024-06-21,1956.23,CREDIT,ONLINE,COMPLETED
TXN-00041,ACC-1029,2024-01-28,-405.85,DEBIT,DINING,PENDING
TXN-00042,ACC-1005,2024-02-16,-376.35,DEBIT,ONLINE,FAILED
TXN-00043,ACC-1001,2024-01-26,-5.36,DEBIT,GROCERY,COMPLETED
TXN-00044,ACC-1026,2024-02-12,-261.73,DEBIT,GROCERY,COMPLETED
TXN-00045,ACC-1030,2024-04-07,-306.74,DEBIT,GAS,PENDING
TXN-00046,ACC-1036,2024-06-27,-2.06,FEE,RENT,PENDING
TXN-00047,ACC-1004,2024-02-09,-392.24,DEBIT,SALARY,FAILED
TXN-00048,ACC-1038,2024-01-16,218.64,CREDIT,ONLINE,FAILED
TXN-00049,ACC-1006,2024-05-15,-24.41,DEBIT,ATM,COMPLETED
TXN-00050,ACC-1016,2024-01-18,-165.77,DEBIT,ONLINE,COMPLETED
TXN-00051,ACC-1040,2024-05-25,-205.71,DEBIT,GROCERY,PENDING
TXN-00052,ACC-1017,2024-06-17,-241.22,DEBIT,DINING,COMPLETED
TXN-00053,ACC-1042,2024-03-02,,DEBIT,GAS,PENDING
TXN-00054,ACC-1001,2024-03-21,-36.81,TRANSFER,ONLINE,FAILED
TXN-00055,ACC-1014,2024-05-24,-14.05,FEE,SALARY,COMPLETED
TXN-00056,ACC-1016,2024-02-03,-63.97,TRANSFER,GAS,COMPLETED
TXN-00057,ACC-1020,2024-02-10,-231.11,DEBIT,SALARY,FAILED
TXN-00058,ACC-1043,2024-01-03,1686.08,CREDIT,GROCERY,COMPLETED
TXN-00059,ACC-1036,15/03/2024,-447.02,DEBIT,DINING,COMPLETED
TXN-00060,ACC-1014,2024-03-13,2166.96,CREDIT,RENT,COMPLETED
TXN-00061,ACC-1004,2024-05-09,-51.86,DEBIT,GROCERY,PENDING
TXN-00062,ACC-1009,2024-03-11,-334.89,DEBIT,RENT,COMPLETED
TXN-00063,ACC-1028,2024-02-11,1677.46,CREDIT,SALARY,COMPLETED
TXN-00064,ACC-1010,2024-01-29,-62.86,DEBIT,SALARY,COMPLETED
TXN-00065,ACC-1009,2024-04-04,-426.69,DEBIT,GROCERY,COMPLETED
TXN-00066,ACC-1003,2024-04-03,-105.92,TRANSFER,GAS,COMPLETED
TXN-00067,ACC-1050,2024-06-23,-449.12,DEBIT,SALARY,PENDING
TXN-00068,ACC-1016,2024-06-07,2781.0,CREDIT,ATM,COMPLETED
TXN-00069,ACC-1048,2024-02-15,-487.73,TRANSFER,GAS,PENDING
TXN-00070,ACC-1018,2024-06-20,-98.68,TRANSFER,DINING,COMPLETED
TXN-00071,ACC-1015,2024-04-07,-75.0,TRANSFER,DINING,PENDING
TXN-00072,ACC-1015,2024-03-30,-106.3,DEBIT,DINING,COMPLETED
TXN-00073,ACC-1005,2024-06-17,-337.51,DEBIT,ATM,COMPLETED
TXN-00074,ACC-1035,2024-03-30,1229.05,CREDIT,GAS,COMPLETED
TXN-00075,ACC-1038,2024-01-30,-370.7,TRANSFER,GAS,COMPLETED
TXN-00076,ACC-1021,2024-01-28,-328.88,DEBIT,ONLINE,FAILED
TXN-00077,ACC-1013,2024-05-10,-54.75,DEBIT,GAS,COMPLETED
TXN-00078,ACC-1035,2024-04-21,-41.84,DEBIT,RENT,COMPLETED
TXN-00079,ACC-1022,2024-04-03,-30.31,DEBIT,SALARY,COMPLETED
TXN-00080,ACC-1020,2024-06-18,2173.28,CREDIT,SALARY,COMPLETED
TXN-00081,ACC-1019,2024-06-19,-300.81,DEBIT,SALARY,COMPLETED
TXN-00082,ACC-1044,2024-02-19,-34.52,DEBIT,RENT,COMPLETED
TXN-00083,ACC-1001,2024-06-06,-298.99,DEBIT,GAS,COMPLETED
TXN-00084,ACC-1042,2024-02-23,-212.91,DEBIT,GAS,PENDING
TXN-00085,ACC-1031,2024-04-23,-394.22,DEBIT,ATM,COMPLETED
TXN-00086,ACC-1041,2024-06-17,-244.85,DEBIT,SALARY,COMPLETED
TXN-00087,ACC-1044,2024-01-24,2265.86,CREDIT,GAS,COMPLETED
TXN-00088,ACC-1031,2024-02-20,-477.12,DEBIT,SALARY,COMPLETED
TXN-00089,ACC-1013,2024-04-26,-188.27,debit,RENT,PENDING
TXN-00090,ACC-1045,2024-05-06,-426.95,DEBIT,GROCERY,COMPLETED
TXN-00091,ACC-1045,2024-04-18,-101.97,DEBIT,SALARY,PENDING
TXN-00092,ACC-1008,2024-01-13,-45.85,DEBIT,ONLINE,COMPLETED
TXN-00093,ACC-1039,2024-04-28,2964.28,CREDIT,GAS,PENDING
TXN-00094,ACC-1028,2024-06-05,2681.46,CREDIT,ATM,FAILED
TXN-00095,ACC-1031,2024-04-24,-131.89,TRANSFER,ONLINE,COMPLETED
TXN-00096,ACC-1050,2024-03-04,,CREDIT,SALARY,PENDING
TXN-00097,ACC-1046,2024-06-09,-282.26,DEBIT,GAS,COMPLETED
TXN-00098,ACC-1006,2024-03-10,-57.95,DEBIT,DINING,COMPLETED
TXN-00099,ACC-1014,2024-02-29,-424.36,DEBIT,GROCERY,PENDING
TXN-00100,ACC-1004,2024-04-14,-269.37,DEBIT,DINING,PENDING
TXN-00101,ACC-1045,2024-04-09,,TRANSFER,GROCERY,FAILED
TXN-00102,ACC-1020,2024-04-07,-33.34,DEBIT,ATM,PENDING
TXN-00103,ACC-1039,2024-04-17,-136.36,DEBIT,DINING,PENDING
TXN-00104,ACC-1025,2024-02-26,-259.61,DEBIT,GAS,PENDING
TXN-00105,ACC-1040,2024-02-12,2762.65,CREDIT,SALARY,COMPLETED
TXN-00106,ACC-1006,2024-04-10,-171.82,DEBIT,RENT,PENDING
TXN-00107,ACC-1017,2024-02-04,-410.04,TRANSFER,ONLINE,COMPLETED
TXN-00108,ACC-1025,2024-02-24,-332.94,DEBIT,GAS,PENDING
TXN-00109,ACC-1048,2024-03-05,1437.41,CREDIT,SALARY,COMPLETED
TXN-00110,ACC-1042,2024-03-30,-466.03,DEBIT,GROCERY,COMPLETED
TXN-00111,ACC-1010,2024-03-04,-489.91,DEBIT,DINING,COMPLETED
TXN-00112,ACC-1014,2024-05-01,1713.71,CREDIT,ONLINE,COMPLETED
TXN-00113,ACC-1048,2024-04-04,-199.41,DEBIT,RENT,COMPLETED
TXN-00114,ACC-1002,2024-02-11,-13.59,FEE,GAS,FAILED
TXN-00115,ACC-1046,2024-06-22,-314.22,TRANSFER,DINING,COMPLETED
TXN-00116,ACC-1007,2024-05-31,1900.37,CREDIT,RENT,COMPLETED
TXN-00117,ACC-1037,2024-06-24,407.11,CREDIT,ATM,COMPLETED
TXN-00118,ACC-1005,2024-03-29,-172.55,DEBIT,SALARY,COMPLETED
TXN-00119,ACC-1007,2024-01-04,2475.88,CREDIT,ONLINE,COMPLETED
TXN-00120,ACC-1010,2024-06-11,-272.43,TRANSFER,ONLINE,COMPLETED
TXN-00121,ACC-1035,2024-05-13,-11.49,FEE,ATM,PENDING
TXN-00122,ACC-1018,2024-04-29,-138.14,DEBIT,GAS,COMPLETED
TXN-00123,ACC-1049,2024-01-23,-276.85,DEBIT,ONLINE,FAILED
TXN-00124,ACC-1032,2024-06-05,1042.37,CREDIT,ATM,COMPLETED
TXN-00125,ACC-1017,2024-02-16,-324.36,DEBIT,GAS,COMPLETED
TXN-00126,ACC-1001,2024-06-01,864.99,CREDIT,SALARY,COMPLETED
TXN-00127,ACC-1036,2024-01-22,-298.82,DEBIT,ATM,COMPLETED
TXN-00128,ACC-1029,2024-06-25,-147.64,DEBIT,ATM,COMPLETED
TXN-00129,ACC-1016,2024-01-24,-299.82,DEBIT,GAS,FAILED
TXN-00130,ACC-1028,2024-04-04,-237.19,DEBIT,RENT,FAILED
TXN-00131,ACC-1020,2024-03-25,-275.4,DEBIT,GAS,COMPLETED
TXN-00132,ACC-1048,2024-01-31,980.87,CREDIT,SALARY,COMPLETED
TXN-00133,ACC-1047,2024-02-19,-260.32,DEBIT,SALARY,FAILED
TXN-00134,ACC-1013,2024-06-01,-450.24,DEBIT,GAS,COMPLETED
TXN-00135,ACC-1035,15/03/2024,-493.0,DEBIT,DINING,COMPLETED
TXN-00136,ACC-1045,2024-01-12,-7.81,FEE,DINING,PENDING
TXN-00137,ACC-1031,2024-01-27,-215.84,TRANSFER,ONLINE,PENDING
TXN-00138,ACC-1031,2024-03-28,-474.57,DEBIT,GROCERY,COMPLETED
TXN-00139,ACC-1044,2024-04-12,-214.37,DEBIT,GROCERY,COMPLETED
TXN-00140,ACC-1006,2024-02-08,2849.92,CREDIT,DINING,COMPLETED
TXN-00141,ACC-1040,2024-05-22,1838.64,CREDIT,DINING,FAILED
TXN-00142,ACC-1038,2024-04-07,-280.85,DEBIT,ONLINE,COMPLETED
TXN-00143,ACC-1048,2024-05-25,1848.41,CREDIT,GROCERY,COMPLETED
TXN-00144,ACC-1011,2024-06-09,-173.09,DEBIT,DINING,COMPLETED
TXN-00145,ACC-1029,2024-05-21,-498.68,DEBIT,RENT,FAILED
TXN-00146,ACC-1046,2024-04-30,-385.42,DEBIT,GAS,PENDING
TXN-00147,ACC-1041,2024-01-19,2775.54,CREDIT,SALARY,COMPLETED
TXN-00148,ACC-1010,2024-04-18,-388.72,DEBIT,GAS,COMPLETED
TXN-00149,ACC-1039,2024-01-19,-107.65,DEBIT,RENT,FAILED
TXN-00150,ACC-1020,2024-03-14,-267.99,DEBIT,RENT,PENDING
TXN-00151,ACC-1006,2024-03-10,-255.57,DEBIT,SALARY,COMPLETED
TXN-00152,ACC-1002,2024-04-20,1830.96,CREDIT,GROCERY,COMPLETED
TXN-00153,ACC-1002,2024-06-21,-9182.25,CREDIT,ATM,COMPLETED
TXN-00154,ACC-1031,2024-05-27,-125.65,DEBIT,SALARY,PENDING
TXN-00155,ACC-1041,2024-03-12,-210.26,DEBIT,ATM,PENDING
TXN-00156,ACC-1021,2024-01-24,-297.87,DEBIT,RENT,COMPLETED
TXN-00157,ACC-1019,2024-02-11,-156.63,DEBIT,RENT,PENDING
TXN-00158,ACC-1017,2024-05-20,-456.41,DEBIT,GAS,COMPLETED
TXN-00159,ACC-1001,2024-04-13,-91.66,TRANSFER,RENT,FAILED
TXN-00160,ACC-1024,2024-04-28,-407.15,DEBIT,SALARY,PENDING
TXN-00161,ACC-1018,15/03/2024,-474.45,DEBIT,SALARY,COMPLETED
TXN-00162,ACC-1008,2024-03-14,-154.37,DEBIT,GROCERY,FAILED
TXN-00163,ACC-1001,2024-03-02,966.71,CREDIT,SALARY,PENDING
TXN-00164,ACC-1008,2024-01-24,-83.5,DEBIT,ONLINE,COMPLETED
TXN-00165,ACC-1046,2024-06-14,1520.21,CREDIT,GAS,FAILED
TXN-00166,ACC-1031,2024-06-29,-86.81,DEBIT,DINING,PENDING
TXN-00167,ACC-1039,2024-05-21,,DEBIT,SALARY,COMPLETED
TXN-00168,ACC-1027,2024-01-18,-108.95,DEBIT,GAS,FAILED
TXN-00169,ACC-1020,2024-03-09,884.38,CREDIT,ATM,FAILED
TXN-00170,ACC-1010,2024-05-28,-8.63,FEE,ONLINE,FAILED
TXN-00171,ACC-1035,2024-05-03,-226.8,DEBIT,ONLINE,PENDING
TXN-00172,ACC-1016,2024-03-23,-14.52,TRANSFER,SALARY,PENDING
TXN-00173,ACC-1021,2024-02-29,-296.67,TRANSFER,RENT,PENDING
TXN-00174,ACC-1043,2024-06-29,-311.29,TRANSFER,ATM,COMPLETED
TXN-00175,ACC-1038,2024-05-06,-13.36,FEE,GAS,COMPLETED
TXN-00176,ACC-1001,2024-04-22,-49.33,DEBIT,RENT,COMPLETED
TXN-00177,ACC-1005,2024-04-14,-19.87,TRANSFER,ONLINE,COMPLETED
TXN-00178,ACC-1006,2024-03-27,1222.58,CREDIT,ATM,COMPLETED
TXN-00179,ACC-1021,2024-06-21,-311.9,transfer,RENT,PENDING
TXN-00180,ACC-1041,2024-05-18,-466.13,DEBIT,RENT,COMPLETED
TXN-00181,ACC-1007,2024-02-28,1330.22,credit,ATM,COMPLETED
TXN-00182,ACC-1002,2024-04-23,-351.76,DEBIT,GROCERY,COMPLETED
TXN-00183,ACC-1010,2024-01-15,-314.45,DEBIT,DINING,FAILED
TXN-00184,ACC-1011,2024-04-15,-107.7,DEBIT,DINING,COMPLETED
TXN-00185,ACC-1016,2024-06-05,-193.24,TRANSFER,ONLINE,FAILED
TXN-00186,ACC-1030,2024-02-06,-184.24,DEBIT,GAS,COMPLETED
TXN-00187,ACC-1011,2024-04-29,-164.58,TRANSFER,GROCERY,PENDING
TXN-00188,ACC-1028,2024-03-29,,FEE,RENT,COMPLETED
TXN-00189,ACC-1025,2024-04-26,637.69,CREDIT,ATM,PENDING
TXN-00190,ACC-1037,2024-01-28,-216.9,DEBIT,GAS,COMPLETED
TXN-00191,ACC-1018,2024-01-06,-6.44,FEE,GROCERY,FAILED
TXN-00192,ACC-1039,2024-06-24,2922.13,CREDIT,RENT,PENDING
TXN-00193,ACC-1023,2024-03-14,728.85,CREDIT,DINING,COMPLETED
TXN-00194,ACC-1050,2024-06-07,-125.99,DEBIT,RENT,COMPLETED
TXN-00195,ACC-1003,2024-06-09,-189.41,DEBIT,GAS,PENDING
TXN-00196,ACC-1006,2024-01-09,-137.48,DEBIT,GAS,COMPLETED
TXN-00197,ACC-1035,2024-04-16,-434.58,DEBIT,GAS,FAILED
TXN-00198,ACC-1017,2024-05-08,-88.92,TRANSFER,ATM,PENDING
TXN-00199,ACC-1008,2024-03-16,1049.21,credit,ONLINE,COMPLETED
TXN-00200,ACC-1044,2024-02-06,715.56,CREDIT,RENT,PENDING
TXN-00201,ACC-1001,2024-05-22,-108.61,debit,GAS,FAILED
TXN-00202,ACC-1044,2024-02-01,-166.95,DEBIT,GAS,FAILED
TXN-00203,ACC-1007,2024-04-07,2823.86,CREDIT,RENT,COMPLETED
TXN-00204,ACC-1036,2024-04-30,-62.3,DEBIT,GAS,FAILED
TXN-00205,ACC-1030,2024-02-26,1924.44,CREDIT,RENT,COMPLETED
TXN-00206,ACC-1003,2024-06-15,-430.81,DEBIT,GAS,PENDING
TXN-00207,ACC-1009,2024-01-30,-60.81,DEBIT,ONLINE,PENDING
TXN-00208,ACC-1035,2024-04-04,2242.26,CREDIT,ONLINE,FAILED
TXN-00209,ACC-1032,2024-02-09,-175.81,TRANSFER,SALARY,PENDING
TXN-00210,ACC-1029,2024-03-12,-316.59,DEBIT,ONLINE,COMPLETED
TXN-00211,ACC-1035,2024-04-02,-160.59,DEBIT,RENT,COMPLETED
TXN-00212,ACC-1008,2024-01-16,-406.04,DEBIT,ATM,PENDING
TXN-00213,ACC-1039,2024-01-24,1943.03,CREDIT,GROCERY,COMPLETED
TXN-00214,ACC-1037,2024-03-26,-437.67,DEBIT,DINING,COMPLETED
TXN-00215,ACC-1015,2024-05-21,-393.1,DEBIT,GAS,COMPLETED
TXN-00216,ACC-1010,2024-06-01,-75.09,DEBIT,DINING,FAILED
TXN-00217,ACC-1002,2024-03-05,374.28,CREDIT,DINING,COMPLETED
TXN-00218,ACC-1021,2024-04-01,751.9,CREDIT,GROCERY,COMPLETED
TXN-00219,ACC-1034,2024-03-08,-132.85,DEBIT,GROCERY,COMPLETED
TXN-00220,ACC-1038,2024-05-01,-320.79,DEBIT,GROCERY,PENDING
TXN-00221,ACC-1047,2024-05-08,-195.52,DEBIT,ATM,FAILED
TXN-00222,ACC-1004,2024-03-18,-22.81,DEBIT,ONLINE,PENDING
TXN-00223,ACC-1029,2024-04-19,1496.29,CREDIT,GROCERY,COMPLETED
TXN-00224,ACC-1018,2024-03-23,243.76,CREDIT,SALARY,FAILED
TXN-00225,ACC-1039,2024-05-20,1173.67,CREDIT,SALARY,COMPLETED
TXN-00226,ACC-1045,2024-04-26,-287.05,DEBIT,GROCERY,FAILED
TXN-00227,ACC-1027,2024-02-25,-60.39,DEBIT,GAS,PENDING
TXN-00228,ACC-1028,2024-04-12,-452.93,DEBIT,GAS,COMPLETED
TXN-00229,ACC-1031,2024-04-05,-6.07,FEE,GROCERY,COMPLETED
TXN-00230,ACC-1048,2024-01-22,-452.2,DEBIT,GAS,COMPLETED
TXN-00231,ACC-1036,2024-05-22,-26.47,DEBIT,GAS,COMPLETED
TXN-00232,ACC-1049,2024-04-15,-170.66,DEBIT,ONLINE,COMPLETED
TXN-00233,ACC-1037,2024-03-14,1087.36,CREDIT,SALARY,COMPLETED
TXN-00234,ACC-1007,2024-02-09,711.52,CREDIT,GAS,FAILED
TXN-00235,ACC-1015,2024-04-04,,DEBIT,ATM,PENDING
TXN-00236,ACC-1040,2024-05-23,-4.36,FEE,RENT,FAILED
TXN-00237,ACC-1045,2024-01-07,1990.6,CREDIT,GAS,COMPLETED
TXN-00238,ACC-1022,2024-02-16,-122.61,DEBIT,GAS,COMPLETED
TXN-00239,ACC-1026,2024-02-16,-219.67,TRANSFER,GROCERY,COMPLETED
TXN-00240,ACC-1034,2024-06-11,-13.81,FEE,DINING,PENDING
TXN-00241,ACC-1020,2024-04-17,-422.08,DEBIT,RENT,COMPLETED
TXN-00242,ACC-1010,2024-05-25,-62.75,DEBIT,DINING,FAILED
TXN-00243,ACC-1043,2024-01-13,852.7,CREDIT,ONLINE,PENDING
TXN-00244,ACC-1049,2024-06-04,-364.78,DEBIT,SALARY,COMPLETED
TXN-00245,ACC-1044,2024-03-29,-359.79,DEBIT,SALARY,PENDING
TXN-00246,ACC-1026,2024-05-14,183.98,CREDIT,SALARY,COMPLETED
TXN-00247,ACC-1050,2024-01-02,-32.06,DEBIT,DINING,COMPLETED
TXN-00248,ACC-1048,2024-03-15,-496.17,DEBIT,ONLINE,COMPLETED
TXN-00249,ACC-1033,2024-02-03,-151.68,DEBIT,SALARY,COMPLETED
TXN-00250,ACC-1028,2024-01-19,-132.69,DEBIT,GROCERY,PENDING
TXN-00251,ACC-1037,15/03/2024,-215.0,TRANSFER,ONLINE,PENDING
TXN-00252,ACC-1021,2024-03-15,-489.68,DEBIT,DINING,FAILED
TXN-00253,ACC-1006,2024-04-27,2763.32,CREDIT,ONLINE,COMPLETED
TXN-00254,ACC-1006,2024-03-03,-301.78,DEBIT,ONLINE,COMPLETED
TXN-00255,ACC-1005,2024-03-27,-114.34,DEBIT,SALARY,COMPLETED
TXN-00256,ACC-1023,2024-05-15,-51.57,DEBIT,GAS,COMPLETED
TXN-00257,ACC-1012,2024-03-01,-373.3,DEBIT,SALARY,COMPLETED
TXN-00258,ACC-1041,2024-06-16,-29.11,DEBIT,ONLINE,PENDING
TXN-00259,ACC-1037,2024-05-24,1374.27,CREDIT,RENT,FAILED
TXN-00260,ACC-1010,2024-03-23,-189.53,TRANSFER,ONLINE,COMPLETED
TXN-00261,ACC-1018,2024-04-30,-350.1,DEBIT,SALARY,COMPLETED
TXN-00262,ACC-1029,2024-03-31,-346.35,DEBIT,GROCERY,COMPLETED
TXN-00263,ACC-1006,2024-04-04,276.36,CREDIT,SALARY,FAILED
TXN-00264,ACC-1048,2024-05-09,-212.74,DEBIT,GROCERY,PENDING
TXN-00265,ACC-1031,2024-05-26,998.5,CREDIT,SALARY,COMPLETED
TXN-00266,ACC-1022,2024-01-16,-98.57,DEBIT,RENT,COMPLETED
TXN-00267,ACC-1046,2024-05-09,165.47,CREDIT,ONLINE,PENDING
TXN-00268,ACC-1024,2024-05-14,-421.42,DEBIT,GAS,PENDING
TXN-00269,ACC-1004,2024-04-14,2052.75,CREDIT,ATM,COMPLETED
TXN-00270,ACC-1025,2024-01-17,-223.81,DEBIT,GAS,COMPLETED
TXN-00271,ACC-1010,15/03/2024,-7.16,FEE,GAS,COMPLETED
TXN-00272,ACC-1020,2024-05-29,2754.4,CREDIT,RENT,PENDING
TXN-00273,ACC-1020,2024-02-03,-35.69,DEBIT,SALARY,PENDING
TXN-00274,ACC-1043,2024-06-13,2448.9,CREDIT,RENT,FAILED
TXN-00275,ACC-1024,2024-01-24,,CREDIT,GROCERY,COMPLETED
TXN-00276,ACC-1050,2024-03-20,-393.97,DEBIT,ONLINE,COMPLETED
TXN-00277,ACC-1019,2024-02-27,-12.99,FEE,ATM,COMPLETED
TXN-00278,ACC-1034,2024-05-09,2513.6,CREDIT,GROCERY,COMPLETED
TXN-00279,ACC-1011,2024-06-07,-313.52,DEBIT,DINING,FAILED
TXN-00280,ACC-1024,2024-02-12,178.89,CREDIT,RENT,COMPLETED
TXN-00281,ACC-1029,2024-04-23,2269.55,CREDIT,DINING,FAILED
TXN-00282,ACC-1031,2024-03-02,-99.73,DEBIT,ATM,COMPLETED
TXN-00283,ACC-1029,2024-04-04,1732.74,CREDIT,ONLINE,COMPLETED
TXN-00284,ACC-1011,2024-04-07,-292.76,DEBIT,ATM,COMPLETED
TXN-00285,ACC-1042,2024-06-03,-376.25,DEBIT,ONLINE,COMPLETED
TXN-00286,ACC-1034,2024-05-21,-147.86,TRANSFER,ATM,COMPLETED
TXN-00287,ACC-1029,2024-03-13,-420.65,DEBIT,SALARY,COMPLETED
TXN-00288,ACC-1029,2024-04-21,-49.3,DEBIT,GAS,COMPLETED
TXN-00289,ACC-1016,2024-04-16,-251.51,DEBIT,ONLINE,COMPLETED
TXN-00290,ACC-1007,2024-04-05,-342.25,DEBIT,ATM,COMPLETED
TXN-00291,ACC-1031,2024-02-07,-357.99,DEBIT,RENT,COMPLETED
TXN-00292,ACC-1006,2024-06-29,-195.4,DEBIT,GROCERY,COMPLETED
TXN-00293,ACC-1047,2024-02-25,1668.97,CREDIT,SALARY,FAILED
TXN-00294,ACC-1020,2024-04-18,-357.39,DEBIT,GROCERY,COMPLETED
TXN-00295,ACC-1030,2024-03-02,-107.02,DEBIT,GROCERY,COMPLETED
TXN-00296,ACC-1033,2024-05-07,,DEBIT,SALARY,COMPLETED
TXN-00297,ACC-1023,2024-02-06,-499.23,DEBIT,DINING,FAILED
TXN-00298,ACC-1034,2024-04-16,-169.23,DEBIT,GAS,COMPLETED
TXN-00299,ACC-1033,2024-05-14,-110.73,DEBIT,SALARY,COMPLETED
TXN-00300,ACC-1025,2024-04-09,-478.45,TRANSFER,GAS,COMPLETED
TXN-00301,ACC-1016,2024-01-05,-466.56,debit,RENT,COMPLETED
TXN-00302,ACC-1003,2024-05-28,1030.93,CREDIT,GAS,FAILED
TXN-00303,ACC-1050,2024-03-27,566.51,CREDIT,RENT,PENDING
TXN-00304,ACC-1009,2024-06-27,-409.77,DEBIT,GROCERY,PENDING
TXN-00305,ACC-1013,2024-01-10,-478.32,DEBIT,GROCERY,COMPLETED
TXN-00306,ACC-1035,15/03/2024,-10.38,DEBIT,ONLINE,COMPLETED
TXN-00307,ACC-1023,2024-01-10,613.76,CREDIT,ATM,COMPLETED
TXN-00308,ACC-1024,2024-06-16,-438.38,DEBIT,ONLINE,PENDING
TXN-00309,ACC-1012,2024-04-22,-308.61,TRANSFER,ONLINE,PENDING
TXN-00310,ACC-1006,2024-04-04,-242.96,TRANSFER,RENT,PENDING
TXN-00311,ACC-1012,2024-01-21,-7.43,DEBIT,SALARY,COMPLETED
TXN-00312,ACC-1019,2024-03-23,-337.68,DEBIT,GAS,PENDING
TXN-00313,ACC-1029,2024-06-03,541.6,credit,GAS,PENDING
TXN-00314,ACC-1040,2024-01-11,2739.24,CREDIT,ONLINE,COMPLETED
TXN-00315,ACC-1005,2024-06-12,-9177.37,FEE,RENT,PENDING
TXN-00316,ACC-1011,2024-04-03,-128.8,DEBIT,GROCERY,COMPLETED
TXN-00317,ACC-1009,2024-06-04,1342.61,credit,GROCERY,COMPLETED
TXN-00318,ACC-1037,2024-06-14,-310.49,DEBIT,GROCERY,FAILED
TXN-00319,ACC-1024,2024-02-09,2849.03,CREDIT,ONLINE,COMPLETED
TXN-00320,ACC-1021,2024-05-26,-318.36,DEBIT,RENT,COMPLETED
TXN-00321,ACC-1012,2024-03-04,-14.66,FEE,ONLINE,FAILED
TXN-00322,ACC-1050,2024-04-09,-441.71,TRANSFER,GAS,PENDING
TXN-00323,ACC-1032,2024-02-24,-11.29,FEE,DINING,COMPLETED
TXN-00324,ACC-1046,2024-02-04,-276.24,TRANSFER,ONLINE,COMPLETED
TXN-00325,ACC-1043,2024-06-23,-2.17,FEE,GAS,COMPLETED
TXN-00326,ACC-1011,2024-05-20,-58.79,DEBIT,RENT,COMPLETED
TXN-00327,ACC-1013,2024-04-02,-439.93,DEBIT,ATM,COMPLETED
TXN-00328,ACC-1036,15/03/2024,127.54,CREDIT,SALARY,COMPLETED
TXN-00329,ACC-1040,2024-04-29,1677.36,CREDIT,GROCERY,COMPLETED
TXN-00330,ACC-1031,2024-03-20,-145.12,DEBIT,SALARY,PENDING
TXN-00331,ACC-1021,2024-04-14,267.56,CREDIT,RENT,COMPLETED
TXN-00332,ACC-1009,2024-04-25,-243.91,DEBIT,ATM,FAILED
TXN-00333,ACC-1009,2024-06-12,-119.95,DEBIT,ONLINE,FAILED
TXN-00334,ACC-1020,2024-01-15,1578.4,CREDIT,DINING,COMPLETED
TXN-00335,ACC-1034,2024-03-23,-388.39,TRANSFER,GAS,COMPLETED
TXN-00336,ACC-1018,2024-03-05,-26.61,DEBIT,DINING,COMPLETED
TXN-00337,ACC-1011,2024-06-06,-251.23,DEBIT,SALARY,FAILED
TXN-00338,ACC-1039,2024-02-09,-190.88,DEBIT,GAS,FAILED
TXN-00339,ACC-1003,2024-01-11,133.7,CREDIT,RENT,FAILED
TXN-00340,ACC-1027,2024-03-08,2312.53,CREDIT,SALARY,COMPLETED
TXN-00341,ACC-1042,2024-05-07,-229.94,TRANSFER,GAS,PENDING
TXN-00342,ACC-1020,2024-03-03,2070.72,CREDIT,ONLINE,COMPLETED
TXN-00343,ACC-1031,2024-06-25,-282.4,DEBIT,ONLINE,COMPLETED
TXN-00344,ACC-1046,15/03/2024,972.12,CREDIT,GAS,COMPLETED
TXN-00345,ACC-1036,2024-04-12,-9308.15,DEBIT,GROCERY,COMPLETED
TXN-00346,ACC-1016,2024-03-02,-367.6,DEBIT,DINING,COMPLETED
TXN-00347,ACC-1040,2024-01-13,-309.85,DEBIT,ONLINE,COMPLETED
TXN-00348,ACC-1047,2024-02-10,2804.57,CREDIT,GAS,COMPLETED
TXN-00349,ACC-1032,2024-02-10,-245.21,DEBIT,GAS,PENDING
TXN-00350,ACC-1030,2024-01-06,-305.35,DEBIT,DINING,COMPLETED
TXN-00351,ACC-1032,2024-05-29,-474.98,DEBIT,SALARY,PENDING
TXN-00352,ACC-1028,2024-03-14,-80.65,DEBIT,DINING,COMPLETED
TXN-00353,ACC-1026,2024-04-03,1129.52,CREDIT,GROCERY,FAILED
TXN-00354,ACC-1005,2024-05-23,-226.15,DEBIT,ONLINE,FAILED
TXN-00355,ACC-1040,2024-04-25,875.18,CREDIT,RENT,FAILED
TXN-00356,ACC-1024,2024-01-31,-452.14,DEBIT,ATM,COMPLETED
TXN-00357,ACC-1013,2024-05-22,-126.29,TRANSFER,SALARY,FAILED
TXN-00358,ACC-1009,2024-04-12,-477.57,DEBIT,RENT,COMPLETED
TXN-00359,ACC-1033,2024-05-01,-426.27,DEBIT,DINING,COMPLETED
TXN-00360,ACC-1040,2024-06-05,-305.49,DEBIT,RENT,COMPLETED
TXN-00361,ACC-1035,2024-05-31,-90.0,DEBIT,ONLINE,FAILED
TXN-00362,ACC-1022,2024-03-17,-9407.12,DEBIT,RENT,COMPLETED
TXN-00363,ACC-1047,2024-04-16,-105.61,DEBIT,ATM,COMPLETED
TXN-00364,ACC-1050,2024-06-01,-21.3,DEBIT,SALARY,FAILED
TXN-00365,ACC-1011,2024-02-28,1771.39,CREDIT,SALARY,FAILED
TXN-00366,ACC-1003,2024-04-07,-163.04,DEBIT,SALARY,COMPLETED
TXN-00367,ACC-1010,2024-02-18,-344.72,DEBIT,ONLINE,COMPLETED
TXN-00368,ACC-1031,2024-04-15,-197.32,DEBIT,ATM,COMPLETED
TXN-00369,ACC-1021,2024-06-29,-397.37,DEBIT,RENT,PENDING
TXN-00370,ACC-1030,2024-05-14,-26.44,DEBIT,SALARY,COMPLETED
TXN-00371,ACC-1047,2024-05-19,-117.87,DEBIT,RENT,COMPLETED
TXN-00372,ACC-1018,2024-06-05,-26.12,DEBIT,SALARY,COMPLETED
TXN-00373,ACC-1050,2024-02-27,-13.78,TRANSFER,GAS,COMPLETED
TXN-00374,ACC-1023,2024-06-25,985.27,CREDIT,SALARY,COMPLETED
TXN-00375,ACC-1025,2024-03-14,-165.07,DEBIT,ONLINE,COMPLETED
TXN-00376,ACC-1046,2024-02-07,-357.62,DEBIT,GROCERY,COMPLETED
TXN-00377,ACC-1014,2024-04-23,2254.65,CREDIT,DINING,FAILED
TXN-00378,ACC-1009,2024-03-10,-155.4,TRANSFER,GROCERY,FAILED
TXN-00379,ACC-1034,2024-05-30,-474.87,DEBIT,DINING,COMPLETED
TXN-00380,ACC-1031,2024-01-14,-336.5,DEBIT,GROCERY,COMPLETED
TXN-00381,ACC-1011,2024-01-02,-2.29,FEE,ONLINE,PENDING
TXN-00382,ACC-1019,2024-05-02,2279.94,CREDIT,GAS,COMPLETED
TXN-00383,ACC-1042,2024-06-14,-119.48,DEBIT,SALARY,COMPLETED
TXN-00384,ACC-1003,2024-05-16,2558.48,CREDIT,DINING,PENDING
TXN-00385,ACC-1026,2024-02-15,-482.01,TRANSFER,ATM,PENDING
TXN-00386,ACC-1019,2024-02-17,-23.74,TRANSFER,GROCERY,COMPLETED
TXN-00387,ACC-1022,2024-03-17,-446.89,DEBIT,GAS,PENDING
TXN-00388,ACC-1009,2024-06-13,-255.51,DEBIT,ATM,FAILED
TXN-00389,ACC-1022,2024-04-29,-99.64,DEBIT,DINING,PENDING
TXN-00390,ACC-1048,2024-06-14,-407.83,DEBIT,GAS,COMPLETED
TXN-00391,ACC-1040,2024-05-25,619.83,CREDIT,ATM,PENDING
TXN-00392,ACC-1043,2024-04-19,-457.06,DEBIT,GROCERY,COMPLETED
TXN-00393,ACC-1001,2024-02-05,-36.77,DEBIT,GAS,PENDING
TXN-00394,ACC-1022,2024-03-01,-367.84,DEBIT,GAS,FAILED
TXN-00395,ACC-1045,2024-05-26,-176.43,DEBIT,DINING,COMPLETED
TXN-00396,ACC-1026,2024-06-19,-348.13,DEBIT,RENT,FAILED
TXN-00397,ACC-1041,2024-06-29,2086.36,CREDIT,GAS,COMPLETED
TXN-00398,ACC-1031,2024-06-06,-26.11,DEBIT,DINING,PENDING
TXN-00399,ACC-1031,2024-06-04,-152.54,DEBIT,ATM,FAILED
TXN-00400,ACC-1044,2024-06-19,2297.49,CREDIT,ATM,FAILED
TXN-00401,ACC-1024,2024-01-21,-238.55,DEBIT,GROCERY,FAILED
TXN-00402,ACC-1033,2024-01-29,-228.91,DEBIT,DINING,FAILED
TXN-00403,ACC-1034,2024-05-17,-337.58,DEBIT,ONLINE,COMPLETED
TXN-00404,ACC-1006,2024-06-23,-211.34,DEBIT,SALARY,PENDING
TXN-00405,ACC-1030,2024-01-15,-245.94,DEBIT,SALARY,COMPLETED
TXN-00406,ACC-1047,2024-05-23,-100.58,DEBIT,GROCERY,PENDING
TXN-00407,ACC-1038,2024-03-06,2250.12,CREDIT,GROCERY,COMPLETED
TXN-00408,ACC-1004,2024-04-18,-468.44,DEBIT,GROCERY,PENDING
TXN-00409,ACC-1009,2024-01-09,-410.91,DEBIT,ATM,PENDING
TXN-00410,ACC-1025,2024-04-05,,FEE,ONLINE,COMPLETED
TXN-00411,ACC-1009,2024-06-23,-3.63,FEE,RENT,COMPLETED
TXN-00412,ACC-1034,2024-01-31,-234.06,DEBIT,DINING,COMPLETED
TXN-00413,ACC-1030,2024-01-01,2936.55,CREDIT,RENT,FAILED
TXN-00414,ACC-1016,2024-04-18,-92.44,DEBIT,ONLINE,COMPLETED
TXN-00415,ACC-1047,2024-02-09,-35.98,DEBIT,ATM,COMPLETED
TXN-00416,ACC-1050,2024-01-09,1286.76,CREDIT,GROCERY,COMPLETED
TXN-00417,ACC-1029,2024-02-22,-206.0,debit,SALARY,COMPLETED
TXN-00418,ACC-1015,2024-03-03,1236.68,CREDIT,SALARY,COMPLETED
TXN-00419,ACC-1015,2024-01-15,-8.23,DEBIT,ATM,FAILED
TXN-00420,ACC-1021,2024-03-22,-117.59,DEBIT,DINING,COMPLETED
TXN-00421,ACC-1027,2024-02-06,-8.22,FEE,GAS,COMPLETED
TXN-00422,ACC-1048,2024-01-16,-207.12,DEBIT,DINING,PENDING
TXN-00423,ACC-1042,2024-05-22,-18.72,DEBIT,RENT,PENDING
TXN-00424,ACC-1010,2024-05-14,-293.92,DEBIT,GAS,PENDING
TXN-00425,ACC-1015,2024-02-17,1446.88,CREDIT,GAS,COMPLETED
TXN-00426,ACC-1027,2024-04-28,-221.62,TRANSFER,SALARY,FAILED
TXN-00427,ACC-1022,2024-02-04,-373.78,DEBIT,RENT,COMPLETED
TXN-00428,ACC-1047,2024-04-25,322.77,CREDIT,ATM,COMPLETED
TXN-00429,ACC-1039,2024-01-14,-166.53,DEBIT,GROCERY,COMPLETED
TXN-00430,ACC-1043,2024-02-18,1783.37,CREDIT,SALARY,COMPLETED
TXN-00431,ACC-1020,2024-05-02,-51.02,DEBIT,GROCERY,COMPLETED
TXN-00432,ACC-1049,2024-02-18,-13.47,FEE,ONLINE,COMPLETED
TXN-00433,ACC-1016,2024-06-27,653.31,credit,SALARY,COMPLETED
TXN-00434,ACC-1023,2024-03-13,-235.84,DEBIT,GAS,COMPLETED
TXN-00435,ACC-1007,2024-04-02,-253.85,DEBIT,ATM,PENDING
TXN-00436,ACC-1027,2024-03-22,-316.5,TRANSFER,GROCERY,FAILED
TXN-00437,ACC-1036,2024-02-26,97.85,CREDIT,SALARY,FAILED
TXN-00438,ACC-1015,2024-04-16,-402.89,DEBIT,ONLINE,FAILED
TXN-00439,ACC-1044,2024-03-03,-175.97,DEBIT,GAS,COMPLETED
TXN-00440,ACC-1032,2024-05-05,-6.66,FEE,ONLINE,COMPLETED
TXN-00441,ACC-1032,2024-03-31,-143.44,DEBIT,DINING,FAILED
TXN-00442,ACC-1005,15/03/2024,-8.19,FEE,ATM,COMPLETED
TXN-00443,ACC-1015,2024-01-02,-82.94,DEBIT,GROCERY,COMPLETED
TXN-00444,ACC-1004,2024-01-03,-274.28,DEBIT,SALARY,FAILED
TXN-00445,ACC-1035,2024-05-03,96.41,CREDIT,SALARY,PENDING
TXN-00446,ACC-1035,2024-01-04,-142.51,DEBIT,GAS,COMPLETED
TXN-00447,ACC-1012,2024-05-08,,CREDIT,GROCERY,COMPLETED
TXN-00448,ACC-1034,2024-05-14,-404.99,DEBIT,GAS,COMPLETED
TXN-00449,ACC-1026,2024-03-09,283.11,CREDIT,ONLINE,FAILED
TXN-00450,ACC-1044,2024-03-03,-12.06,FEE,ATM,COMPLETED
TXN-00451,ACC-1003,2024-06-16,-6.55,FEE,GROCERY,PENDING
TXN-00452,ACC-1041,2024-04-07,-264.38,DEBIT,GROCERY,COMPLETED
TXN-00453,ACC-1022,2024-01-22,-285.21,DEBIT,SALARY,COMPLETED
TXN-00454,ACC-1045,2024-05-15,-386.27,TRANSFER,SALARY,PENDING
TXN-00455,ACC-1018,2024-03-10,-463.2,DEBIT,SALARY,FAILED
TXN-00456,ACC-1021,2024-06-17,-40.26,DEBIT,GROCERY,COMPLETED
TXN-00457,ACC-1026,2024-05-30,-93.76,DEBIT,GROCERY,COMPLETED
TXN-00458,ACC-1025,2024-02-11,-219.49,DEBIT,RENT,FAILED
TXN-00459,ACC-1045,2024-03-25,-133.83,DEBIT,RENT,COMPLETED
TXN-00460,ACC-1007,2024-05-08,1070.29,CREDIT,ONLINE,COMPLETED
TXN-00461,ACC-1039,2024-01-20,-119.34,DEBIT,ONLINE,COMPLETED
TXN-00462,ACC-1029,2024-01-08,2361.47,CREDIT,ONLINE,COMPLETED
TXN-00463,ACC-1012,2024-04-01,-314.16,DEBIT,RENT,FAILED
TXN-00464,ACC-1019,2024-06-18,-117.78,DEBIT,ATM,COMPLETED
TXN-00465,ACC-1046,2024-01-19,-423.66,DEBIT,ATM,COMPLETED
TXN-00466,ACC-1001,2024-04-09,-447.26,DEBIT,GAS,PENDING
TXN-00467,ACC-1006,2024-04-02,351.58,CREDIT,DINING,PENDING
TXN-00468,ACC-1007,2024-04-24,-246.34,DEBIT,GROCERY,COMPLETED
TXN-00469,ACC-1021,2024-03-31,-204.52,DEBIT,ATM,PENDING
TXN-00470,ACC-1006,2024-01-04,-308.04,DEBIT,RENT,FAILED
TXN-00471,ACC-1025,2024-03-03,-9153.28,DEBIT,DINING,COMPLETED
TXN-00472,ACC-1005,2024-03-09,-255.9,DEBIT,DINING,PENDING
TXN-00473,ACC-1005,2024-03-11,-260.31,DEBIT,GAS,COMPLETED
TXN-00474,ACC-1040,2024-03-04,1512.62,CREDIT,DINING,PENDING
TXN-00475,ACC-1026,2024-01-28,-496.65,DEBIT,GAS,FAILED
TXN-00476,ACC-1022,2024-04-07,1022.15,CREDIT,ONLINE,FAILED
TXN-00477,ACC-1045,2024-02-04,-201.41,DEBIT,DINING,PENDING
TXN-00478,ACC-1021,2024-03-21,-302.87,DEBIT,GAS,PENDING
TXN-00479,ACC-1018,2024-05-27,1011.36,CREDIT,ATM,PENDING
TXN-00480,ACC-1038,2024-04-03,-220.89,DEBIT,SALARY,COMPLETED
TXN-00481,ACC-1047,2024-06-23,129.4,CREDIT,ONLINE,COMPLETED
TXN-00482,ACC-1005,2024-04-22,2502.28,CREDIT,ATM,PENDING
TXN-00483,ACC-1016,2024-06-21,-186.5,DEBIT,GAS,COMPLETED
TXN-00484,ACC-1039,2024-04-18,268.2,CREDIT,ONLINE,FAILED
TXN-00485,ACC-1045,2024-04-12,-42.87,DEBIT,ONLINE,FAILED
TXN-00486,ACC-1035,2024-01-10,1110.61,CREDIT,SALARY,COMPLETED
TXN-00487,ACC-1023,2024-01-28,1989.92,CREDIT,DINING,FAILED
TXN-00488,ACC-1042,2024-01-12,-180.71,DEBIT,ONLINE,COMPLETED
TXN-00489,ACC-1015,2024-04-20,-451.19,DEBIT,SALARY,FAILED
TXN-00490,ACC-1029,2024-05-22,-215.26,DEBIT,GAS,PENDING
TXN-00491,ACC-1033,2024-04-28,1786.34,CREDIT,DINING,COMPLETED
TXN-00492,ACC-1006,2024-01-07,-353.76,DEBIT,GROCERY,COMPLETED
TXN-00493,ACC-1014,2024-03-30,-274.61,DEBIT,SALARY,PENDING
TXN-00494,ACC-1045,2024-03-30,-283.11,DEBIT,ONLINE,COMPLETED
TXN-00495,ACC-1008,15/03/2024,-98.96,DEBIT,GROCERY,COMPLETED
TXN-00496,ACC-1048,2024-06-14,-103.98,DEBIT,DINING,FAILED
TXN-00497,ACC-1028,2024-02-14,-336.16,DEBIT,ONLINE,COMPLETED
TXN-00498,ACC-1043,2024-04-13,599.84,CREDIT,ONLINE,PENDING
TXN-00499,ACC-1029,2024-01-08,2655.14,CREDIT,SALARY,PENDING
TXN-00500,ACC-1018,2024-04-09,-393.68,DEBIT,ATM,COMPLETED
TXN-00303,ACC-1050,2024-03-27,566.51,CREDIT,RENT,PENDING
TXN-00044,ACC-1026,2024-02-12,-261.73,DEBIT,GROCERY,COMPLETED
TXN-00069,ACC-1048,2024-02-15,-487.73,TRANSFER,GAS,PENDING
TXN-00061,ACC-1004,2024-05-09,-51.86,DEBIT,GROCERY,PENDING
TXN-00123,ACC-1049,2024-01-23,-276.85,DEBIT,ONLINE,FAILED
